,precision,recall,f1,precision_shift,recall_shift,f1_shift
nussinov,0.1520204830207043,0.18944266009485086,0.1681801518400732,0.18002999753928248,0.22472702009191284,0.19929079064539582
viennaRNA,0.5502599569460906,0.6111326744864802,0.5767203134932553,0.573732016995838,0.6381879948701249,0.6017075962085336
contrafold,0.5924670084806479,0.6491286757346098,0.6167274629230722,0.6161677873340147,0.6763054706773228,0.6418854697512989
CNNfold,0.8723239289386174,0.8215468276189881,0.841670359783259,0.8859138976282792,0.8336984163045643,0.8543851010645783
RNAUnet,0.9373621005361458,0.8547339089188547,0.8880106056783711,0.9480313624358735,0.8640414964179833,0.8977529215454125
