,Ufold,hotknots,CNNfold,viennaRNA,nussinov,contrafold,RNA_Unet
under,0.8596059112806896,0.0722891566010555,0.4697895451094536,0.0,0.0,0.0,0.9625360230044926
all,,,0.6252808465602259,0.0,0.0,0.0,0.9705313258807123
