,nussinov,viennaRNA,contrafold,CNNfold,RNAUnet,RNAUnet16
all,0.0,0.0,0.0,0.5650904844867299,0.7008055235433709,0.7232390459864012
