,nussinov,viennaRNA,contrafold,CNNfold,RNAUnet
all,0.0,0.0,0.0,0.5650904844867299,0.7008055235433709
